"id";"name";"popularity_score";"num_of_followers"
"00FQb4jTyendYWaN8pK0wa";"Lana Del Rey";89;9617149
"00me4Ke1LsvMxt5kydlMyU";"Cosculluela";78;2827020
"00XhexlJEXQstHimpZN910";"Brytiago";85;2044398
"02A3cEvlLLCbIMVDrK2GHV";"Starley";67;77297
"02kJSzxNuaWGqwubyUba0Z";"G-Eazy";87;4219619
"04gDigrS5kc9YWfZHwBETP";"Maroon 5";94;21466553
"05fG473iIaoy82BF1aGhL8";"Slipknot";83;5291096
"05o1zW8b6PV6rEquXr74sB";"State of Sound";54;31810
"06HL4z0CvFAxyc27GXpf02";"Taylor Swift";95;25472272
"06nvjg4wBANK6DCHjqtPNd";"Mahmood";75;428247
"07YUOmWljBTXwIseAUd9TW";"Sebastian Yatra";89;9868737
"07YZf4WDAMNwqr4jfgOZ8y";"Jason Derulo";84;7269796
"0A0FS04o6zMoto8OKPsDwY";"YG";86;2002315
"0AJUYWKztkg5dnrHDIBv47";"MiC LOWRY";47;41737
"0b1sIQumIAsNbqAoIClSpy";"j-hope";70;2487908
"0b2GL7Y02vu50qieoQmw1w";"IAmChino";61;32170
"0bdfiayQAKewqEvaU6rXCv";"MØ";78;1189627
"0BqURncJM5B1BBu7UM51eq";"Guaynaa";79;190754
"0C0XlULifJtAgn6ZNCW2eu";"The Killers";82;5052932
"0c173mlxpT3dSFRgMO8XPh";"Big Sean";86;6913979
"0C8ZW7ezQVs4URX5aX7Kqx";"Selena Gomez";92;18585907
"0cGUm45nv7Z6M6qdXYQGTX";"Kehlani";85;3067543
"0du5cEVh5yTK9QJze8zA0C";"Bruno Mars";91;23309921
"0Dvx6p8JDyzeOPGmaCIH1L";"RAF Camora";85;1039605
"0eecdvMrqBftK0M1VKhaF4";"CNCO";81;6142465
"0EeQBlQJFiAfJeVN2vT9s0";"Nipsey Hussle";79;1231019
"0EFisYRi20PTADoJrifHrz";"Jhay Cortez";84;485101
"0EmeFodog0BfCgMzAIvKQp";"Shakira";86;17844798
"0ErzCpIMyLcjPiwT4elrtZ";"NLE Choppa";86;692061
"0g9vAlRPK9Gt3FKCekk4TW";"Ab-Soul";67;623348
"0gadJ2b9A4SKsB1RFkBb66";"Passenger";77;2418264
"0ghlgldX5Dd6720Q3qFyQB";"TOMORROW X TOGETHER";74;987989
"0GM7qgcRCORpGnfcN2tCiB";"Tainy";86;45231
"0H39MdGGX6dbnnQPt6NQkZ";"SAINt JHN";80;211845
"0haZhu4fFKt0Ag94kZDiz2";"Sofia Reyes";77;1243029
"0hCNtLu0JehylgoiP8L4Gh";"Nicki Minaj";94;16733747
"0hEurMDQu99nJRq8pTxO14";"John Mayer";86;4285773
"0hItVPjwJLVZrFqOyIsxPf";"Judy Garland";71;120961
"0HkcYmcjrBR3SCw9Ld5VZk";"Calboy";74;315797
"0HU0U9kdXEHZVxUNbuQe8S";"Donny Hathaway";74;295847
"0huGjMyP507tBCARyzSkrv";"YBN Cordae";78;853470
"0iEtIxbK0KxaSlF7G42ZOp";"Metro Boomin";84;1620536
"0JBdTCGs111JKKYfLqOEBa";"Shirin David";70;325912
"0jNDKefhfSbLR9sFvcPLHo";"San Holo";69;526927
"0jnsk9HBra6NMjO2oANoPY";"Flo Rida";82;7395461
"0JOxt5QOwq0czoJxvSc5hS";"GASHI";72;113576
"0Jsk5iYMr5aNjHury7blm1";"Boef";73;770556
"0KPX4Ucy9dk82uj4GpKesn";"Dalex";93;797310
"0lHB0Qc4pmD5RkTLlHeESo";"MC L da Vinte";61;215945
"0LyOADBjj28cbvJWTXUEGA";"Loren Allred";68;64994
"0lzV2CiahHRiGd6qpADtPS";"James Hersey";62;44663
"0MHgLfmQdutffmvWe5XBTN";"Burl Ives";79;35588
"0NGAZxHanS9e0iNHpR8f2W";"Alok";83;6823180
"0NyzfcGDZZ6GM25EBG9BYK";"Ray Parker, Jr.";59;34726
"0ONHkAv9pCAFxb0zJwDNTy";"Pusha T";77;1519389
"0OROVBEZCocg0FcgJpyBse";"Alex Sensation";64;94189
"0p4nmQO2msCgU4IF37Wi3j";"Avril Lavigne";80;5368157
"0PFtn5NtBbbUNbU9EAmIWF";"TOTO";77;1297756
"0q4NrXqJnc367PieejuROJ";"Vice";57;16195
"0QHgL1lAIqAw0HtD7YldmP";"DJ Khaled";82;4365536
"0qSX3s5pJnAlSsgsCne8Cz";"Brett Eldredge";80;1038179
"0qTZZWLzuD59Un5r1speHm";"Chris Jeday";70;1106977
"0RqtSIYZmd4fiBKVFqyIqD";"Thirty Seconds To Mars";74;2491837
"0rvjqX7ttXeg3mTy8Xscbt";"Journey";78;2623778
"0SfsnGyD8FpIN4U4WCkBZ5";"Armin van Buuren";82;3242376
"0tmwSHipWxN12fsoLcFU3B";"Manuel Turizo";88;4889463
"0TnOYISbd1XYRBk9myaseg";"Pitbull";86;7454362
"0tzSBCPJZmHTdOA3ZV2mN3";"CL";67;485455
"0uGk2czvcpWQA383Im6ajf";"Maggie Lindemann";71;930770
"0vbEs3DgphJ2RGZqh4qFLT";"Anita Kerr Singers";39;1834
"0vR2qb8m9WHeZ5ByCbimq2";"Reik";87;3427837
"0VRj0yCOv2FXJNP47XQnx5";"Quavo";88;3533739
"0vRvGUQVUjytro0xpb26bs";"Arizona Zervas";88;162323
"0wi4yTYlGtEnbGo4ltZTib";"Shakin' Stevens";77;72779
"0WOxhx4hikIsyF3CRPLC8W";"Famous Dex";73;1762683
"0X2BH1fck6amBIoJhDVmmJ";"Ellie Goulding";87;7327551
"0XNvr6bnNywV946ZKaJtr0";"Joakim Lundell";55;121896
"0xRXCcSX89eobfrshSVdyu";"MEDUZA";84;137608
"0Y5tJX1MQlPlqiwlOH1tJY";"Travis Scott";97;7488222
"0Y8KmFkKOgJybpVobn1onU";"Luciano Pavarotti";71;442638
"0YinUQ50QDB7ZxSCLyQ40k";"Mustard";85;529448
"0ZED1XzwlLHW4ZaG4lOT6m";"Julia Michaels";86;2444612
"10XY9PZCJKzUFzZOdtlQLU";"LX";71;63264
"137W8MRPWKqSmrBGDBFSop";"Wiz Khalifa";88;8674471
"13bDjug9N0pyv3ZUINjkDV";"Bausa";80;752820
"13ubrt8QOOCPljQ2FL1Kca";"A$AP Rocky";88;6316024
"13y7CgLHjMVRMDqxdx0Xdo";"Gucci Mane";87;3012155
"14scxEoUN7Dcx1m4EQ7oHe";"Ashley O";60;55416
"14zUHaJZo1mnYtn6IBRaRP";"Justin Quiles";91;1425469
"15NtJjjHRFybdNSMyM9smT";"Nevada";54;10843
"15UsOTVnJzReFVN1VCnxy4";"XXXTENTACION";96;17059168
"163tK9Wjr9P9DmM0AVK7lm";"Lorde";81;5181506
"17lzZA2AlOHwCwFALHttmp";"2 Chainz";85;5147586
"181bsRPaVXVlUKXrxwZfHK";"Megan Thee Stallion";81;616945
"188VINPQh5dyNfLUkevKqf";"Olivia Holt";66;838472
"19i93sA0D7yS9dYoVNBqAA";"tha Supreme";87;476807
"19ra5tSw0tWufvUp8GotLo";"George Michael";79;2155009
"1ackd5XprZEkH3McKbQD51";"Juan Magán";78;1375139
"1anyVhU62p31KFi8MEzkbf";"Chance the Rapper";87;4562843
"1aQwKFn00nswXRDUDipm0K";"Gaullin";70;54474
"1aS5tqEs9ci5P9KD9tZWa6";"Bonez MC";82;1180133
"1AwO9pWEBSBoWdEZu28XDC";"Eartha Kitt";73;82498
"1b4DN8Vj0dnj5cceMFsRYN";"Dante Klein";60;23415
"1bAftSH8umNcGZ0uyV7LMg";"Duki";84;2641646
"1Bl6wpkWCQ4KVgnASpvzzA";"BROCKHAMPTON";83;1125880
"1bqxdqvUtPWZri43cKHac8";"MAX";77;375802
"1cNDP5yjU5vjeR8qMf4grg";"YNW Melly";89;2282129
"1CoZyIx7UvdxT5c8UkMzHd";"Jorja Smith";80;1238359
"1Cs0zKBU1kc0i8ypK3B9ai";"David Guetta";90;20700097
"1dfeR4HaWDbWqFHLkxsg1d";"Queen";93;22500798
"1fctva4kpRbg2k3v7kwRuS";"Rvssian";79;777684
"1Fg19vpUJpAAPFjnKaVYVW";"Reynmen";64;928478
"1Fr6agZ6iSM5Ynn2k4C8sc";"VÉRITÉ";62;193637
"1G9G7WwrXka3Z1r7aIDjI7";"OutKast";78;1242575
"1gAPhk6xBbhHDnzbreiJLw";"Daddie Juju";39;162
"1GDbiv3spRmZ1XdM1jQbT7";"Natti Natasha";88;3761430
"1GxkXlMwML1oSg5eLPiAz3";"Michael Bublé";95;3526193
"1HBjj22wzbscIZ9sEb5dyf";"Jonas Blue";85;2507579
"1Hsdzj7Dlq2I7tHP7501T4";"Niall Horan";83;4514621
"1HY2Jd0NmPuamShAr6KMms";"Lady Gaga";89;10070551
"1hzfo8twXdOegF3xireCYs";"Milky Chance";78;1224315
"1i8SpTcr7yvPOmcqrbnVXY";"Ozuna";98;20875371
"1iNqsUDUraNWrj00bqssQG";"Dreamville";78;181519
"1IueXOQyABrMOprrzwQJWN";"Sigala";78;1018096
"1KCSPY1glIKqW2TotWuXOR";"P!nk";86;7633829
"1l8Fu6IkuTP0U5QetQJ5Xt";"Fifth Harmony";78;9895307
"1lB3I3SI30v2ZOpR4XQqzJ";"Gambi";76;180263
"1mcTU81TzQhprhouKaTkpq";"Rauw Alejandro";89;435981
"1MIVXf74SZHmTIp4V4paH4";"Mabel";82;538073
"1moxjboGR7GNWYIMWsRjgG";"Florence + The Machine";80;4968867
"1mX1TWKpNxDSAH16LgDfiR";"Jesse & Joy";80;3212919
"1mXAhKnZEdF6rotyyd4GBi";"MC Kevinho";79;6634420
"1Mxqyy3pSjf8kZZL4QVxS0";"Frank Sinatra";91;3492725
"1nzgtKYFckznkcVMR3Gg4z";"KSI";75;772785
"1pPmIToKXyGdsCF6LmqLmI";"Rich The Kid";84;1906268
"1qQLhymHXFPtP5U8KNKsm6";"Apache 207";86;407495
"1r4hJ1h58CWwUQe3MxPuau";"Maluma";92;18034979
"1RBzGO6Nm3uyhUSxP7EDWO";"Kevin Roldan";77;2799784
"1RyvyyTE3xzB2ZywiAwp0i";"Future";91;8213580
"1sBkRIssrMs1AbVkOJbc7a";"Rick Ross";86;3678911
"1ShZZUjkbXCjhwrb18BA8I";"Bryce Vine";77;240023
"1SupJlEpv7RS2tPNRaHViT";"Nicky Jam";94;10486977
"1tqhsYv8yBBdwANFNzHtcr";"Lil Dicky";75;1446943
"1UCxzrM5WJh9ure5vCcsim";"Charlie Charles";65;405163
"1uNFoZAHBGtllmzznpCI3s";"Justin Bieber";95;32078778
"1URnnhqYAYcrqrcwql10ft";"21 Savage";90;7192721
"1vCWHaC5f2uS3yhpwWbIA6";"Avicii";88;16381699
"1vyhD5VmyZ7KMfW5gqLgo5";"J Balvin";99;16867074
"1wZtkThiXbVNtj6hee6dz9";"Wisin & Yandel";85;3221065
"1xHQO9GJIW9OXHxGBISYc5";"Marian Hill";67;407084
"1XLjkBxFokuDTlHt0mQkRe";"Thomas Gold";60;128292
"1Xylc3o4UrD53lo9CvFvVg";"Zara Larsson";84;6443271
"1Xyo4u8uXC1ZmMpatF05PJ";"The Weeknd";95;18164025
"1yR65psqiazQpeM79CcGh8";"Marília Mendonça";90;12716033
"1yxSLGMDHlW21z4YXirZDS";"The Black Eyed Peas";88;3925888
"1z4g3DjTBBZKhvAroFlhOM";"Red Velvet";80;2833550
"1z7b1Pr1rSlvWRzsW3HOrS";"Russ";86;2970384
"1zNqDE7qDGCsyzJwohVaoX";"Anne-Marie";86;5114491
"1zNqQNIdeOUZHb8zbZRFMX";"Swae Lee";89;548128
"20gsENnposVs2I4rQ5kvrf";"Sam Feldt";81;451173
"20JZFwl6HVl6yg8a4H3ZqK";"Panic! At The Disco";88;8671732
"20sxb77xiYeusSH8cVdatc";"Meek Mill";87;3788068
"21451j1KhjAiaYKflxBjr1";"Zion & Lennox";87;4038413
"21dooacK2WGBB5amYvKyfM";"Smokepurpp";80;1806659
"21WS9wngs9AqFckK7yYJPM";"PnB Rock";85;2230269
"23fqKkggKUBHNkbKtXEls4";"Kygo";89;5865465
"23TFHmajVfBtlRx5MXqgoz";"Sfera Ebbasta";81;3599877
"23wEWD21D4TPYiJugoXmYb";"Thalía";76;2315137
"246dkjvS1zLTtiykXe5h60";"Post Malone";100;20854501
"250b0Wlc5Vk0CoUsaCY84M";"JENNIE";66;283381
"25u4wHJWxCA9vO0CzxAbK7";"Lukas Graham";80;1586646
"25uiPmTg16RbhZWAqwLBy5";"Charli XCX";81;1899270
"26AHtbjWKiwYzsoGoUZq53";"Pentatonix";89;2488573
"26dSoYclwsYLMAKD3tpOr4";"Britney Spears";84;6813280
"26VFTg2z8YR0cCuwLzESi2";"Halsey";92;8878736
"27hSR8e34ZM5vj5fUFixyb";"Stan Kenton";41;14364
"27mFvqQj8KpjmdKIqcw1mG";"Ayo & Teo";66;618279
"28ExwzUQsvgJooOI0X1mr3";"Jay Rock";75;734979
"28gNT5KBp7IjEOQoevXf9N";"Camilo";86;467196
"293zczrfYafIItmnmM3coR";"Chuck Berry";78;1022025
"2auiVi8sUZo17dLy1HwrTU";"Solange";71;936424
"2ayNSoKPCRAfjp6hQ76hRu";"Nacho";78;2232054
"2bxxlINUlcMQQb39K7IopR";"Abraham Mateo";72;885837
"2cFrymmkijnjDg9SS92EPM";"blackbear";90;2660801
"2cQr2KbzdRtIFlfbHGnNsL";"Ziv Zaifman";65;5524
"2cWZOOzeOm4WmBJRnD5R7I";"Normani";83;665476
"2cxbDuynmf2ZVgONATgTFq";"Tropijazz All Stars";5;132
"2DaxqgrOhkeH0fpeiQq2f4";"Oasis";82;4751005
"2DlGxzQSjYe5N6G9nkYghR";"Jennifer Lopez";80;7401983
"2DspEsT7UXGKd2VaaedgG4";"Alex Rose";80;1066763
"2feDdbD5araYcm6JhFHHw7";"Labrinth";83;1011807
"2FwJwEswyIUAljqgjNSHgP";"Snakehips";72;303127
"2FXC3k01G6Gw61bmprjgqS";"Hozier";83;3650977
"2h93pZq0e7k5yf4dywlkpM";"Frank Ocean";88;5121144
"2hlmm7s2ICUX0LVIhVFlZQ";"Gunna";92;1661407
"2HPaUgqeutzr3jx5a9WyDV";"PARTYNEXTDOOR";82;2091562
"2hPgGN4uhvXAxiXQBIXOmE";"KIDS SEE GHOSTS";70;412816
"2HUwZ0kumzCSlhFcjFZfpp";"Flipp Dinero";75;477975
"2hWs22BmQkK4czFtDLnar2";"Rob $tone";67;168887
"2iE18Oxc8YSumAU232n4rW";"The Jackson 5";82;872801
"2Im8m4STDBosjfmb5hmP80";"Loredana";78;538373
"2j2rh3oQh4QEUnNTDKYSJD";"187 Strassenbande";64;1026019
"2jku7tDXc6XoB6MO2hFuqg";"Tory Lanez";87;2660411
"2JLqTvFXmC87BksiCsBezV";"Matt Terry";63;115068
"2jnIB6XdLvnJUeNTy5A0J2";"Why Don't We";84;1795174
"2JwyRtuXf2l6sTnSnGVIa1";"Farid Bang";73;637292
"2kCcBybjl3SAtIcwdWpUe3";"Lil Peep";88;2969954
"2kqUKsTuEj1lPbm6BSn1AU";"Rich Music LTD";84;27006
"2kRfqPViCqYdSGhYSM9R0Q";"Madison Beer";78;1479922
"2KsP6tYLJlTBvSUxnwlVWa";"Mike Posner";76;943871
"2kucQ9jQwuD8jWdtR9Ef38";"Sam Hunt";76;1702674
"2LAqcqAQ8KPTsl1HBgBrqM";"Michelle Williams";68;4654
"2lolQgalUvZDfp5vvVtTYV";"Tony Bennett";80;481030
"2LZDXcxJWgsJfKXZv9a5eG";"Cashmere Cat";67;293891
"2NjfBq1NflQcKSeiDooVjY";"Tones and I";91;408784
"2o5jDhtHVPhrJdv3cEQ99Z";"Tiësto";85;4796440
"2ODbg2404zUzTi02qIPEjB";"Tay-K";71;1722811
"2OnKRchqP7tT0FzTvWIFI7";"Wolfine";68;1072854
"2oX42qP5ineK3hrhBECLmj";"Andy Grammer";77;710859
"2P5sC9cVZDToPxyomzF1UH";"Joey Bada$$";77;1571428
"2Q4r4Epfaaho06ONTHx7OS";"MC's Jhowzinho & Kadinho";58;816679
"2QUvtLq6oQaX0LNsYY2fas";"Cauty";72;121970
"2qxJFvFYMEDqd7ui6kSAcq";"Zedd";86;4964366
"2R21vXR83lH98kGeO99Y66";"Anuel AA";96;9669295
"2RDOrhPqAM4jzTRCEb19qX";"Sheck Wes";76;728348
"2RdwBSPQiwcmiDo9kixcl8";"Pharrell Williams";83;2970068
"2rhFzFmezpnW82MNqEKVry";"Ski Mask The Slump God";84;2884096
"2SrSdSvpminqmStGELCSNd";"Stormzy";88;1252199
"2T1aUibqR2QC2sINIDQOAK";"Mambo Kingz";82;92858
"2tcoLkA9Hexz70Kuc1NTUl";"Gradur";79;943985
"2TImI3DW7o5MdRXJs4D37h";"SOB X RBE";70;332612
"2TWBei99x2tV70bdYbWdAf";"Dayvi";73;24578
"2uFC1dAj5b0YU7vulKNZ0p";"Banx & Ranx";63;12007
"2UMj7NCbuqy1yUZmiSYGjJ";"MC Kevin o Chris";84;1071534
"2urF8dgLVfDjunO0pcHUEe";"Alvaro Soler";73;1154070
"2UZMlIwnkgAEDBsw1Rejkn";"Tom Petty";74;1087152
"2W6kbe0nm96COrHzNmfLLd";"MC Fioti";66;1221544
"2wkoKEfS6dXwThbyTnZWFU";"Mau y Ricky";83;1498250
"2wUjUUtkb5lvLKcGKsKqsR";"Alessia Cara";85;6519109
"2wY79sveU1sp5g7SokKOiI";"Sam Smith";93;11019702
"2wzMOQwNT6ZvVB4amvhFAH";"The Pogues";77;282789
"2X97ZAqRKRMYFIDqtvGgGc";"Silk City";70;51301
"2XnBwblw31dfGnspMIwgWz";"Axwell /\ Ingrosso";74;2058793
"2ysnwxxNtSgbb9t1m2Ur4j";"George Ezra";81;2845460
"2YZyLoL8N0Wb9xBt1NhZWg";"Kendrick Lamar";91;13742394
"2Z0lRIqr997lIUiPtrpKCr";"Matheus & Kauan";83;6688285
"2Zi3RrdQqk63Xj0914STkS";"Naomi Scott";72;146693
"2ZRQcIgzPCVaT9XKhXZIzh";"Gryffin";80;409100
"31TPClRtHm23RisEBtV3X7";"Justin Timberlake";84;8567170
"31W5EY0aAly4Qieq6OFu6I";"A Boogie Wit da Hoodie";91;3848218
"329e4yvIujISKGKz1BZZbO";"Farruko";95;6567010
"33ScadVnbm2X8kkUqOkC6Z";"Don Omar";83;3735309
"35S20clEkkSNUo23ViaslZ";"Band Aid";80;16239
"360IAlyVv4PCEVjgyMZrxK";"Miguel";83;2588957
"36jaGQtMj5UWD0eO1fCVdD";"Joel Adams";68;107305
"36SRwzRkX5zW3ABjJrevqX";"Dadá Boladão";75;65694
"38EmEgXkgK51MT2tPY0EoC";"Bobby Helms";81;12233
"391oLRVmoTkumiN79HkTWu";"Darlene Love";77;28326
"39E15l8zeCDYpSZwFNX4G2";"Eleni Foureira";58;84075
"39KEQQAG9JhIt71g9NEVhh";"Azet";76;930780
"3a5ydeAaojKa3CHWe5PVWK";"MC MM";57;740890
"3AA28KZvwAUcZuOKwyblJQ";"Gorillaz";82;5043331
"3AQRLZ9PuTAozP28Skbq8V";"The Script";82;5643850
"3ATyg4fGC9F8trfb0GRWmX";"Joey Montana";68;1751031
"3AVfmawzu83sp94QW7CEGm";"Astrid S";76;499052
"3b8QkneNDz4JHKKKlLgYZg";"Florida Georgia Line";83;3432721
"3BmGtnKgCSGYIUhmivXKWX";"Kelly Clarkson";87;5948460
"3c96G4d2lUOxhomM2mby5S";"Bushido";76;964220
"3CbYyyd8wH3RT6t0jwpdzC";"Murda Beatz";73;99781
"3cjEqqelV9zb4BYE3qDQ4O";"EXO";82;5003647
"3drqpTL4sQOckmAfF9i1wg";"Summer Cem";81;805772
"3E6xrwgnVfYCrCs0ePERDz";"Wisin";86;5160512
"3e7awlrlDSwF3iM0WBjGMp";"Little Mix";85;6806625
"3egWSWp7Y4FyCKIyvXbw7L";"Ghali";70;2194373
"3EiLUeyEcA6fbRPSHkG5kb";"De La Ghetto";82;3510242
"3EOEK57CV77D4ovYVcmiyt";"Dennis Lloyd";76;358004
"3eqjTLE0HfPfh78zjh6TqT";"Bruce Springsteen";83;2760074
"3EW0kQ1skZiK1NHg3Spt9J";"Takeoff";70;659326
"3EXdLajEO02ziZ90P90bSW";"Lil Xan";74;1947028
"3Fl1V19tmjt57oBdxXKAjJ";"Blueface";82;1678998
"3fMbdgg4jU18AjLCKBhRSm";"Michael Jackson";86;13193596
"3FUY2gzHeIiaesXtOAdB7A";"Train";81;3082421
"3fZk3Gm5dN5v5yfYMQ04Bx";"Dimelo Flow";84;57269
"3gd8FJtBJtkRxdfbTu19U2";"Mumford & Sons";80;5495474
"3gGUMEwIX6XodWsYEvKSal";"YBN Nahmir";74;1943460
"3gIRvgZssIb9aiirIg0nI3";"Jeremy Zucker";83;587092
"3Gm5F95VdRxW3mqCn8RPBJ";"Aminé";78;1106630
"3hBQ4zniNdQf1cqqo6hzuW";"Salmo";80;1626966
"3hN3iJMbbBmqBSAMx5veDa";"Ultimo";79;1563612
"3hteYQFiMFbJY7wS0xDymP";"Gesaffelstein";71;299719
"3hv9jJF3adDNsBSIQDqcjp";"Mark Ronson";83;740535
"3iOvXCl6edW5Um0fXEBRXy";"The xx";74;3278507
"3iri9nBFs9e4wN7PLIetAw";"gnash";77;1329521
"3Isy6kedDrgPYoTS1dazA9";"Sean Paul";85;2826223
"3jh5rw4jyQiAzStMfu4MLt";"Lean Trap";0;2
"3JhNCzhSMTxs9WLGJJxWOY";"Macklemore";82;1488064
"3jK9MiCrA42lLAdMGUZpwa";"Anderson .Paak";81;1282084
"3jVMgT4X7YeuYE4aludcmE";"Phil Spector";41;13752
"3JXpwnHbLvXxY99EuXqFPX";"Poo Bear";62;29464
"3klZnJvYGIbWritVwQD434";"Duncan Laurence";65;60149
"3KwmxIhSe9UTSEF37kwngR";"SHAED";81;80184
"3lY9Fxceu60W1rbon7PkuF";"Omar Montes";76;91773
"3MHaV05u0io8fQbZ2XPtlC";"Prince Royce";82;5132622
"3mIj9lX2MWuHmhNCA7LSCW";"The 1975";83;3700400
"3MZsBdqDrRTJihTHQrO6Dq";"Joji";86;2022512
"3nFkdlSjzX9mRTtwJOzDYB";"JAY-Z";88;5057504
"3NH8t45zOTqzlZgBvZRjvB";"PNL";81;2572945
"3Nipsl6GVwwGyeAk0J29C6";"MC G15";72;3247791
"3Nrfpe0tUJi4K4DXYWgMUX";"BTS";93;15381528
"3oDbviiivRWhXwIE8hxkVV";"The Beach Boys";80;2319863
"3oSJ7TBVCWMDMiYjXNiCKE";"Kane Brown";83;2101980
"3OxZ4asD88P1lJJmLcXz4K";"Márcia Fellipe";67;945115
"3p7PcrEHaaKLJnPUGOtRlT";"Henrique & Juliano";83;9512690
"3PhoLpVuITZKcymswpck5b";"Elton John";87;4259716
"3pjq2pDV9RR6VY55wBjVnp";"Dardan";73;582381
"3pVfscwg2QxhdHtk966inb";"The Cratez";75;5709
"3qBKjEOanahMxlRojwCzhI";"Zacari";71;48008
"3QSQFmccmX81fWCUSPTS7y";"Dean Lewis";84;904073
"3RtNN1VnooWEn3KQk03DUL";"Noriel";82;2914593
"3S6gaE89XewFAvZqsMuJDJ";"Norm Ender";67;758274
"3t5xRXzsuZmMDkQzgOX35S";"Robin Schulz";83;2286019
"3tQx1LPXbsYjE9VwN1Peaa";"Marc E. Bassy";74;277217
"3TVXtAsR1Inumwj472S9r4";"Drake";99;43383858
"3v6Ji4uoWtKRkhuDUaxi9n";"Dynoro";78;164710
"3vQ0GE3mI0dAaxIMYe5g7z";"Paulo Londra";86;8816836
"3WGpXCj9YhhfX11TToZcXP";"Troye Sivan";84;4094119
"3wjsrpfO6odEphTZWx45RQ";"Hearts & Colors";64;99066
"3WQ1s2QFvL6crxBvrVhwzj";"Gabriel Diniz";66;945625
"3wyVrVrFCkukjdVIdirGVY";"Lil Pump";83;6321124
"3XV0lFzNs8BCTwhJTcMiBr";"Blue Ivy";61;2937
"3Y7RZ31TRPVadSFVy1o8os";"H.E.R.";83;2022382
"3yiEJ9SByXZMXTwaKdVFN4";"Luche";74;328763
"3YQKmKGau1PzlVlkL1iodx";"Twenty One Pilots";88;15695092
"3yzRiNMZdTsSUgplcyYZ4i";"Blanco Brown";71;70078
"3zrUX1hQrUB9aXcOiyQLmN";"Stanaj";58;55836
"3ZuBEj9ppJe8GSdKaMTfMN";"Nimo";82;835962
"41MozSoPIsD1dJM0CLPjZF";"BLACKPINK";83;10135242
"431Pb5EV8KsCBGTw96ZTQ4";"Dj Kass";53;28432
"43ZHCT0cAZBISjO8DG9PnE";"Elvis Presley";87;3715979
"46SHBwWsqBkxI7EeeBEQG7";"Kodak Black";87;5375108
"47MpMsUfWtgyIIBEFOr4FE";"Lunay";88;1262962
"47uyFQHOD02S0lj9ptRpoB";"Felipe Araújo";77;2624921
"487N2T9nIPEHrlTZLL3SQs";"Zé Neto & Cristiano";86;9081934
"49e4v89VmlDcFCMyDv9wQ9";"Dean Martin";85;797575
"49tQo2QULno7gxHutgccqF";"LANY";83;2137924
"4A7HeXSd4HtQuf6IR5XZ1b";"Fero47";73;287875
"4AA474G2hRfrHyGrfyDseO";"Mozzy";70;303788
"4AKwRarlmsUlLjIwt38NLw";"Ofenbach";70;298116
"4AVFqumd2ogHFlRbKIjp1t";"Alesso";80;3198052
"4bL2B6hmLlMWnUEZnorEtG";"Felix Jaehn";80;921151
"4bw2Am3p9ji3mYsXNXtQcd";"Piso 21";85;4757596
"4cPHsZM98sKzmV26wlwD2W";"Brenda Lee";82;146731
"4DdkRBBYG6Yk9Ka8tdJ9BW";"Offset";89;1362877
"4dpARuHxo51G3z768sgnrY";"Adele";87;19118060
"4ehtJnVumNf6xzSCDk8aLB";"Martin Jensen";75;711409
"4EzkuveR9pLvDVFNx6foYD";"James Bay";80;2643884
"4f9iBmdUOhQWeP7dcAn1pf";"Rag'n'Bone Man";78;1117031
"4fpTMHe34LC5t3h5ztK8qu";"The Carters";66;712757
"4Ga1P7PMIsmqEZqhYZQgDo";"Lil Tecca";88;1403002
"4GNC7GD6oZMSxPGyXy4MNB";"Lewis Capaldi";92;1990150
"4gOc8TsQed9eqnqJct2c5v";"K/DA";64;287442
"4Gso3d4CscCijv0lmajZWs";"Don Toliver";82;142359
"4GvEc3ANtPPjt1ZJllr5Zl";"Bazzi";86;2651897
"4gzpq5DPGxSnKTe4SA8HAU";"Coldplay";93;23769181
"4iHNK0tOyZPYnBU7nGAgpQ";"Mariah Carey";92;5144136
"4IVAbR2w4JJNJDDRFP3E83";"6LACK";84;1993705
"4IWBUUAFIplrNtaOHcJPRM";"James Arthur";87;5211596
"4jpsw9CQS439N0B7SecMgf";"Ant Saunders";77;23017
"4K9aclpXgCPNFGEqRlFPal";"Peter Manos";62;45403
"4kI8Ie27vjvonwaB2ePh8T";"Portugal. The Man";74;1029569
"4kYGAK2zu9EAomwj3hXkXy";"JP Cooper";78;459327
"4kYSro6naA4h99UJvo89HB";"Cardi B";92;10301445
"4LcUpNlXFEleaLlelmkv2R";"Kris Kross Amsterdam";73;104392
"4lDBihdpMlOalxy1jkUbPl";"Grey";76;43863
"4lDiJcOJ2GLCK6p9q5BgfK";"Kontra K";79;1363520
"4LLpKhyESsyAXpc4laK94U";"Mac Miller";86;3735095
"4LXBc13z5EWsc5N32bLxfH";"Nekfeu";80;1130598
"4m6ubhNsdwF4psNf3R8kwR";"Khea";81;1594492
"4MCBfE4596Uoi2O4DtmEMz";"Juice WRLD";98;7152498
"4nDoRrQiYLoBzwC5BhVJzF";"Camila Cabello";96;13952527
"4NHQUGzhtTLFvgF5SZesLK";"Tove Lo";81;2260705
"4npEfmQ6YuiwW1GpUmaq3F";"Ava Max";85;974095
"4O15NlyKLIASxsJ0PrXPfz";"Lil Uzi Vert";91;7487675
"4obzFoKoKRHIphyHzJ35G3";"Becky G";87;7054685
"4ofCBoyEiGSePFAG500xev";"Regard";83;30799
"4ON1ruy5ijE7ZPQthbrkgI";"Burak Yeter";68;135295
"4phGZZrJZRo4ElhRtViYdl";"Jason Mraz";82;4960057
"4PVn1b2WnnXdq80C7uaZLZ";"Nause";58;193504
"4q3ewBCX7sLwd24euuV69X";"Bad Bunny";98;17509175
"4Q6nIcaBED8qUel8bBx6Cr";"Jax Jones";81;650804
"4qBgvVog0wzW75IQ48mU7v";"KYLE";77;815129
"4qIVPF0s71ZYW3qzhu5GkF";"Kina";81;242108
"4QQgXkCYTt3BlENzhyNETg";"Earth, Wind & Fire";77;2124597
"4QVBYiagIaa6ZGSPMbybpy";"Pedro Capó";83;814614
"4r63FhuTkUYltbVAg5TQnk";"DaBaby";95;1650410
"4rTv3Ejc7hKMtmoBOK1B4T";"Ali Gatie";82;430385
"4RVnAU35WRWra6OZ3CbbMA";"Kylie Minogue";80;921221
"4Rxn7Im3LGfyRkY2FlHhWi";"Nick Jonas";75;5474571
"4S9EykWXhStSc15wEx8QFK";"Céline Dion";83;3180938
"4ScCswdRlyA23odg9thgIO";"Jess Glynne";82;1928842
"4sj6D0zlMOl25nprDJBiU9";"Andy Williams";83;245019
"4STHEaNw4mPZ2tzheohgXB";"Paul McCartney";83;2659705
"4sTQVOfp9vEMCemLw50sbu";"Galantis";80;2836984
"4TEJudQY2pXxVHPE3gD2EU";"BlocBoy JB";75;968584
"4u5smJBskI6Adzv08PuiUP";"Kiiara";71;628796
"4upwdFMlZBmQ68jP9jPzjK";"Gemitaiz";79;1419858
"4UXqAaa6dQYAk18Lv7PEgX";"Fall Out Boy";86;7486039
"4V8LLVI7PbaPR0K2TGSxFF";"Tyler, The Creator";87;3635756
"4V8Sr092TqfHkfAA5fXXqG";"Luis Fonsi";84;7774495
"4vhNDa5ycK0ST968ek7kRr";"Carlos Vives";78;3520510
"4VMYDCV2IEDYJArk749S6m";"Daddy Yankee";95;15578591
"4VuARVJiWGsH2msKTdsKdQ";"Veysel";74;585815
"4wLXwxDeWQ8mtUIRPxGiD6";"Marc Anthony";83;3506784
"4WN5naL3ofxrVBgFpguzKo";"Rudimental";78;1126524
"4WZGDpNwrC0vNQyl9QzF7d";"Capital Bra";87;2934726
"4x1nvY2FN8jxqAFA0DA02H";"John Lennon";83;3013082
"4xRYI6VqpkE3UwrDrAZL8L";"Logic";87;4303288
"4yiQZ8tQPux8cPriYMWUFP";"Gwen Stefani";80;3533669
"4ytkhMSAnrDP8XzRNlw9FS";"Vince Guaraldi Trio";80;74968
"4Yttlv9ndGjCDCVLqM7ACq";"Sido";81;952325
"4Z4afeDmHFxPmJorIwupbZ";"Netta";55;54514
"50co4Is1HCEo8bhOyUWKpn";"Young Thug";94;4695278
"50JJSqHUf2RQ9xsHs0KMHg";"Jon Bellion";79;1004704
"5338fdSzGNOFD4cxAxDTeq";"Aaron Carter";52;172613
"53KwLdlmrlCelAZMaLVZqU";"James Blake";75;930430
"53XhwfbYqKCa1cC15pYq2q";"Imagine Dragons";92;24286369
"540vIaP2JwjQb9dm3aArA4";"DJ Snake";87;6288688
"54R6Y0I7jGUCveDTtI21nb";"Boney M.";77;578890
"55Aa2cqylxrFIXC767Z865";"Lil Wayne";91;8553399
"55fhWPvDiMpLnE4ZzNXZyW";"Noah Cyrus";82;493518
"56oDRnqbIiwx4mymNEv7dS";"Lizzo";88;1732905
"57LYzLEk2LcFghVwuWbcuS";"Summer Walker";85;783348
"57WHJIHrjOE3iAxpihhMnp";"Louis Tomlinson";75;2759925
"5AZuEF0feCXMkUCwQiQlW7";"Marracash";84;821783
"5BcAKTbp20cv7tC5VqPFoC";"Macklemore & Ryan Lewis";79;2432462
"5BHFSMEjfLVx1JwRWjAOsE";"SuperM";68;356360
"5bzWtCkjIAMgN93gLt56SO";"Tropkillaz";70;176831
"5CCwRZC6euC8Odo6y9X8jr";"Rita Ora";84;5260205
"5CiGnKThu5ctn9pBxv7DGa";"benny blanco";83;447048
"5cj0lLjcoR7YOSnhnX0Po5";"Doja Cat";85;759219
"5dHt1vcEm9qb8fCyLcB3HL";"A$AP Ferg";81;2218707
"5DK8eK7fjvRsziXzyr3sFA";"Moon Taxi";61;135727
"5DUlefCLzVRzNWaNURTFpK";"Cali Y El Dandee";79;2278883
"5F1aoppMtU3OMiltO8ymJ2";"Hugh Jackman";76;493072
"5f7VJjfbwm532GiveGC0ZK";"Lil Baby";92;3178438
"5fMUXHkw8R8eOP2RNVYEZX";"Diplo";90;2162137
"5GcWBUX00IPuWVGMIRK1sS";"Residente";73;545895
"5H1nN1SzW0qNeUEZvuXjAj";"Danny Ocean";80;2034027
"5H6xmHXjsq98NLbEjuE29f";"NEIKED";63;89420
"5hdhHgpxyniooUiQVaPxQ0";"Nio Garcia";78;932570
"5he5w2lnU9x7JFhnwcekXX";"Skrillex";83;7404326
"5IcR3N7QB1j6KBL8eImZ8m";"ScHoolboy Q";81;2890077
"5IH6FPUwQTxPSXurCrcIov";"Alec Benjamin";83;1068639
"5INjqkS1o8h1imAzPqGZBb";"Tame Impala";84;3133907
"5iNrZmtVMtYev5M9yoWpEq";"Seeb";78;136908
"5iot8OPcosJN9nCl7I5SdK";"Irama";67;1027145
"5ixB75BQR3ADoWQkcHQJTs";"Gene Autry";73;26687
"5j21TGkrNEAJe3gG9VlS34";"Shindy";77;599032
"5jAMCwdNHWr7JThxtMuEyy";"NOTD";76;94694
"5JZ7CnR6gTvEMKX4g70Amv";"Lauv";90;2078815
"5K4W6rqBFWDnAN6FQUkS6x";"Kanye West";95;10921126
"5KEG7G8LDYlHgFDqZyEEs2";"Chris Rea";79;357609
"5KNNVgR6LBIABRIomyCwKJ";"Dermot Kennedy";81;476574
"5LHRHt1k9lMyONurDHEdrp";"Tyga";91;5296208
"5lKZWd6HiSCLfnDGrq9RAm";"Leona Lewis";80;2070130
"5lpH0xAS4fVfLkACg9DAuM";"Wham!";85;1045132
"5lwmRuXgjX8xIwlnauTZIP";"Romeo Santos";87;9655845
"5M0lbkGluOPXLeFjApw8r8";"DRAM";71;745471
"5n9bMYfz9qss2VOW89EVs2";"Bomba Estéreo";69;757137
"5NGO30tJxFlKixkPSgXcFE";"The Police";79;3202951
"5nkYRuiIHg2xXHFC8bfosJ";"ItaloBrothers";71;330289
"5NS0854TqZQVoRmJKSWtFZ";"Chino & Nacho";68;1660714
"5p7f24Rk5HkUZsaS3BLG5F";"Hailee Steinfeld";81;5126673
"5p7mWeX4RlvqBCxylfiXdE";"KC Rebell";75;903944
"5pKCCKE2ajJHZ9KAiaK11H";"Rihanna";92;35601359
"5pUo3fmmHT8bhCyHE52hA6";"Liam Payne";82;4724925
"5pVRwX5ZQR7hfJ18w8ZYkl";"Ufo361";83;1215618
"5Pwc4xIPtQLFEnJriah9YJ";"OneRepublic";86;9117244
"5Q81rlcTFh3k6DQJXPdsot";"Mura Masa";72;475897
"5qa31A9HySw3T7MKWI9bGg";"FLETCHER";72;167261
"5Rl15oVamLq7FbSb0NNBNy";"5 Seconds of Summer";87;5571553
"5RSYz1KaYXbHfKdlaxAI8O";"DJ Jonathan";23;1435
"5sK8BsvyDl4TFA6KaBf8or";"Charly Black";67;194373
"5sRQkVexJlax2iISuqL8cV";"Kalazh44";67;54561
"5SulO4l40qDuV9zUGLZx7n";"Capo Plaza";81;2198819
"5tHiL8SKSaZGMBUPIiSmX4";"KitschKrieg";75;74353
"5TYxZTjIPqKM8K8NuP9woO";"C. Tangana";78;799804
"5UjifI1TYefXWn9GdqDOHl";"Social House";77;96406
"5V0MlUE1Bft0mbLlND7FJz";"Ella Fitzgerald";83;1483902
"5v8jlSmAQfrkTjAlpUfWtu";"Perry Como";80;209794
"5vBSrE1xujD2FXYRarbAXc";"Years & Years";75;1219513
"5wPoxI5si3eJsYYwyXV4Wi";"N.E.R.D";66;523106
"5WUlDfRSoLAfcVSX1WnrxN";"Sia";90;15127406
"5wyWp867LWGjFmYZXVSFnZ";"MERO";76;1115409
"5X4LWwbUFNzPkEas04uU82";"DVBBS";69;896878
"5y2Xq6xcjJb2jVM54GHK3t";"John Legend";86;4789250
"5YCc6xS5Gpj3EkaYGdjyNK";"WOS";78;669676
"5yG7ZAZafVaAlMTeBybKAL";"Iggy Azalea";78;4518633
"5YGY8feqx7naU7z4HrwZM6";"Miley Cyrus";87;10626939
"5zctI4wO9XSKS8XwcnqEHk";"Lil Mosey";85;1366050
"5ZsFI1h6hIdQRw2ti0hz81";"ZAYN";87;10221728
"60d24wfXkVzDSfLS6hyCjZ";"Martin Garrix";87;12372954
"628gUkswCfCS1hIOOHmIpK";"Control Machete";62;598496
"64aJYyrXljOodnUG6jvhRD";"DJ Luian";82;511106
"64ieExteyec8h8LZbCP7Ux";"Cairo Street Rappers";8;5
"64KEffDW9EtZ1y2vBYgq8T";"Marshmello";90;19832509
"64M6ah0SkkRsnPGtGiRAbb";"Bebe Rexha";87;4533606
"66CXWjxzNUsdJxJ2JdwvnR";"Ariana Grande";98;40336444
"66W9LaWS0DPdL7Sz8iYGYe";"JP Saxe";76;37414
"68kEuyFKyqrdQQLLsmiatm";"Vince Staples";76;1003159
"699OTQXzgjhIYAHMy9RyPD";"Playboi Carti";84;2978529
"69GGBxA162lTqCwzJG5jLp";"The Chainsmokers";91;14978717
"6aaMZ3fcfLv4tEbmY7bjRM";"Isaiah Rashad";69;628925
"6Ad91Jof8Niiw0lGLLi3NW";"YUNGBLUD";81;636618
"6AgTAQt8XS6jRWi4sX7w49";"Polo G";82;685096
"6AUl0ykLLpvTktob97x9hO";"Tee Grizzley";78;1626732
"6BeO1KuAWBqFriL1mLHtNc";"Leslie Grace";68;923866
"6beUvFUlKliUYJdLOXNj9C";"King Princess";76;557362
"6bwVWdQfr6ttzrGLboVkjg";"Paul Rosenberg";53;1518
"6C1ohJrd5VydigQtaGy5Wa";"Joyner Lucas";81;986353
"6cEuCEZu7PAE9ZSzLLc2oQ";"R3HAB";85;1926611
"6cK3NBO6uP7hh0oyuVELFl";"Saweetie";76;501606
"6d47Z08T4snK50HgTEHo5Z";"Sage The Gemini";72;636258
"6Dd3NScHWwnW6obMFbl1BH";"Daya";79;1019841
"6eUKZXaKkcviH0Ku9w2n3V";"Ed Sheeran";98;56650848
"6extd4B6hl8VTmnlhpl2bY";"Huncho Jack";69;560396
"6Ff53KvcvAj5U7Z1vojB5o";"*NSYNC";79;1157708
"6fOMl44jA4Sp5b9PpYCkzz";"NF";89;2797612
"6fWVd57NKTalqvmjRd2t8Z";"24kGoldn";77;48585
"6fXEqmGQEt6ONuqVmwrN46";"Bag Raiders";63;167777
"6gK1Uct5FEdaUWRWpU4Cl2";"Petit Biscuit";74;666731
"6h1s4i4XKIYv4ErDelLDN0";"Samra";85;485012
"6Ha4aES39QiVjR0L2lwuwq";"Yo Gotti";78;2682553
"6i392l38cR3uBPF0DbNs7S";"Quality Control";80;485424
"6i3DxIlAqnDkwELLw4aVrx";"Lele Pons";66;317409
"6icQOAFXDZKsumw3YXyusw";"Lil Yachty";85;5738365
"6jGMq4yGs7aQzuGsMgVgZR";"Lil Tjay";86;765796
"6jJ0s89eD6GaHleKKya26X";"Katy Perry";89;14405380
"6JL8zeS1NmiOftqZTRgdTz";"Meghan Trainor";85;8381526
"6kACVPfCOnqzgfEF5ryl0x";"Johnny Cash";81;3667515
"6KImCVD70vtIoJWnq6nGn3";"Harry Styles";95;5769379
"6kq4GHwUcUojGIu0ziSNXf";"Amenazzy";74;657167
"6kXm2YCtdUOpRYNKeKhfue";"Ryan Gosling";62;25030
"6l3HvQ5sa6mXTsMTB19rO5";"J. Cole";91;9939719
"6lB8vOoI4DRrrVxXwuV19c";"Mike Perry";73;770562
"6lBN3Tzt61u8i9AJoAhKzF";"Mykola Dmytrovych Leontovych";72;1490
"6LqNN22kT3074XbTVUrhzX";"Kesha";81;5128698
"6ltzsmQQbmdoHHbLZ4ZN25";"Lord Huron";75;621162
"6LuN9FCkKOj5PcnpouEgny";"Khalid";96;9897310
"6m1LYS5NQonxjOcQFPQOb5";"Frenna";77;367622
"6M2wZ9GZgrQXHCFfjv46we";"Dua Lipa";92;14782431
"6MDME20pz9RveH9rEXvrOM";"Clean Bandit";82;3546664
"6ModsWtBph2rE6zCTVxvZt";"Maite Perroni";62;728728
"6MPCFvOQv5cIGfw3jODMF0";"Internet Money";72;13501
"6nxWCVXbOlEVRexSbLsTer";"Flume";80;1904613
"6oMuImdp5ZcFhWP0ESe6mG";"Migos";87;9799018
"6qqNVTkY8uBg9cP3Jd7DAH";"Billie Eilish";98;18115325
"6s22t5Y3prQHyaHWUN1R1C";"AJR";79;1078690
"6S2OmqARrzebs0tKUEyXyp";"Demi Lovato";86;15978746
"6t1gpxYbY8OlLA7D2RiikQ";"Loud Luxury";78;232141
"6T5tfhQCknKG4UnH90qGnz";"DNCE";75;2864272
"6T70tWxqyIpdVbsFvPzqM3";"La La Land Cast";56;8553
"6tdM5Njlln7nWkonCppW0u";"MC Loma e As Gêmeas Lacração";59;617318
"6Te49r3A6f5BiIgBRxH7FH";"Ninho";84;2539875
"6TIYQ3jFPwQSRmorSezPxX";"Machine Gun Kelly";84;1789774
"6tkyhGe9hGI3Lcfo4gVh6Z";"ChocQuibTown";71;368087
"6U1dBXJhC8gXFjamvFTmHg";"Zac Efron";77;606342
"6USMTwO0MNDnKte5a5h0xx";"Y2K";81;127965
"6USv9qhCn6zfxlBQIYJ9qs";"Dominic Fike";78;218020
"6vPXtLmNd3mW0dd1Rb9eQ9";"Don Patricio";74;240385
"6VuMaDnrHyPL1p4EHjYLi7";"Charlie Puth";85;8942175
"6vWDO969PvNqNYHIOW5v0m";"Beyoncé";90;21336078
"6vXTefBL93Dj5IqAWq6OTv";"French Montana";87;3236256
"6w9ToX5slZ4uIdmD17hJ3c";"Bryant Myers";84;3159130
"6wWVKhxIU2cEi0K81v7HvP";"Rammstein";83;3771274
"6WY7D3jk8zTrHtmkqqo5GI";"Maren Morris";81;417771
"6x2LnllRG5uGarZMsD4iO8";"Thomas Rhett";80;3120633
"6Xgp2XMz1fhVYe7i6yNAax";"Trippie Redd";93;3917251
"6xlRSRMLgZbsSNd0BMobwy";"Dennis DJ";77;1380555
"6xS5PpBWaVYraexEkEjjXv";"Maxo Kream";68;251268
"6xvpfMjWTougrRRtK7iikz";"Mason Ramsey";61;90320
"6XyY86QOPPrYVGvF9ch6wz";"Linkin Park";88;14402518
"6ydoSd3N2mwgwBHtF6K7eX";"Calum Scott";80;1924351
"6ywXRaHY7m2DJ0dd7CsLAB";"Ramz";69;213894
"6ZjFtWeHP9XN7FeKSUe80S";"Bing Crosby";89;277647
"711MCceyCBcFnzjGY4Q7Un";"AC/DC";86;13788718
"716NhGYqD1jl2wI1Qkgq36";"Bizarrap";82;516142
"738wLrAtLtCtFOLvQBXOXp";"Major Lazer";86;5863172
"73jBynjsVtofjRpdpRAJGk";"Dimitri Vegas & Like Mike";81;2685960
"73Np75Wv2tju61Eo9Zw4IR";"Idina Menzel";85;235235
"73sIBHcqh3Z3NyqHKZ7FOL";"Childish Gambino";82;5770403
"74KM79TiuVKeVCqs8QtB0B";"Sabrina Carpenter";79;2504347
"74XFHRwlV6OrjEM0A2NCMF";"Paramore";80;4898924
"757aE44tKEUQEqRuT6GnEB";"Roddy Ricch";91;1007094
"76STnzdGp9dpBe7nX7rQB2";"DJ A1";0;18
"77AiFEVeAVj2ORpC85QVJs";"Steve Aoki";82;3316843
"77qukKzmdI5BeMBR7WGUrN";"Aaron Smith";74;176861
"77tT1kLj6mCWtFNqiOmP9H";"Daryl Hall & John Oates";81;1034276
"77ziqFxp5gaInVrF2lj4ht";"Sech";94;2201546
"787bCXOIvGeBw0Bc4kEjhD";"Luke Christopher";61;139187
"790FomKkXshlbRYZFtlgla";"KAROL G";91;7719766
"7blkMNJv8n9ceP9zlA4W2U";"Shawn Hook";52;56712
"7bXgB6jMjp9ATFy66eO08Z";"Chris Brown";94;10229026
"7c0XG5cIJTrrAgEC3ULPiq";"Ty Dolla $ign";90;3076397
"7CajNmpbOovFoOoasH2HaY";"Calvin Harris";89;19202801
"7CCjtD0hCK005Bvg2WG1a7";"Carnage";70;254392
"7ciBW1p3KBsYIkFk4UmwS8";"The Rudeboyz";64;9606
"7CyeXFnOrfC1N6z4naIpgo";"The Ronettes";79;125022
"7d3WFRME3vBY2cgoP38RDo";"Lil Skies";85;3523594
"7dGJo4pcD2V6oG8kP0tJRR";"Eminem";94;31684064
"7DMveApC7UnC2NPfPvlHSU";"Cheat Codes";81;1444199
"7eLcDZDYHXZCebtQmVFL25";"Aitana";77;758516
"7FNnA9vBm6EKceENgCGRMb";"Anitta";89;8540514
"7gAppWoH7pcYmphCVTXkzs";"The Vamps";79;3263085
"7gOdHgIoIKoe4i9Tta6qdD";"Jonas Brothers";88;3419181
"7gP3bB2nilZXLfPHJhMdvc";"Foster The People";79;2769479
"7guDJrEfX3qb6FEbdPA5qi";"Stevie Wonder";84;3960325
"7gZfnEnfiaHzxARJ2LeXrf";"6ix9ine";84;4373027
"7HkdQ0gt53LP4zmHsL0nap";"Ella Mai";81;2336495
"7hOGhpa8RMSuDOWntGIAJt";"A R I Z O N A";74;277357
"7HV2RI2qNug4EcQqLbCAKS";"Keala Settle";74;118205
"7i9j813KFoSBMldGqlh2Z1";"Riton";76;44648
"7iK8PXO48WeuP03g8YR51W";"Myke Towers";91;832901
"7iZtZyCzp3LItcw1wtPI3D";"Rae Sremmurd";81;5469232
"7jdFEYD2LTYjfwxOdlVjmc";"KALEO";73;842568
"7jVv8c5Fj3E9VhNjxT4snq";"Lil Nas X";87;2088906
"7K78lVZ8XzkjfRSI7570FF";"José Feliciano";80;161126
"7keGfmQR4X5w0two1xKZ7d";"Kungs";70;616044
"7KUri7klyLaIFXLcuuOMCd";"Stargate";59;10914
"7Ln80lUS6He07XvHI8qqHH";"Arctic Monkeys";86;8784951
"7ltDVBr6mKbRvohxheJ9h1";"ROSALÍA";86;2149721
"7LvoDJUNGnOrPdGRzVtOJ9";"Young M.A";75;830732
"7mnAzEmgquhrVtGob81SmO";"Big Shaq";60;292674
"7MSUfLeTdDEoZiJPDSBXgi";"Brian Eno";66;367904
"7n2wHs1TKAczGzO7Dd2rGr";"Shawn Mendes";94;22726866
"7n2Ycct7Beij7Dj7meI4X0";"TWICE";83;4422826
"7nKeLE1toRtW4M279iS26h";"Zay Hilfigerrr";52;62413
"7nwUJBm0HE4ZxD3f5cy5ok";"Aretha Franklin";77;2102738
"7pFeBzX627ff0VnN6bxPR4";"Desiigner";73;2780627
"7qG3b048QCHVRO5Pv1T5lw";"Enrique Iglesias";82;8990337
"7rkW85dBwwrJtlHRDkJDAC";"NAV";83;1734539
"7rOlQwf8OuFLFQp4aydjBt";"Paloma Mami";75;548146
"7slfeZO9LsJbWgpkIoXBUJ";"Ricky Martin";80;5083332
"7t0rwkOPGlDPEhaOcVtOt9";"The Cranberries";77;1869046
"7tYKF4w9nC0nq9CsPZTHyP";"SZA";84;2994634
"7uaIm6Pw7xplS8Dy06V6pT";"Trevor Daniel";86;113856
"7v4imS0moSyGdXyLgVTIV7";"Nat King Cole";85;1189068
"7vk5e3vY1uw9plTHJAMwjN";"Alan Walker";88;17029559
"7vXDAI8JwjW531ouMGbfcp";"TINI";81;830130
"7wg1qvie3KqDNQbAkTdbX0";"Louis The Child";74;320701
"7wlFDEWiM5OoIAt8RSli8b";"YoungBoy Never Broke Again";91;3741251
"7x8MuRMbm9XIldHSJOtoNo";"22 Savage";30;43046
"7xEFii6utZmQ61kX59HmLH";"FRENSHIP";66;126449
"7xX15v6ahAkcT14kHfB9wB";"True Damage";68;26118
"7z2avKuuiMAT4XZJFv8Rvh";"Tom Walker";79;583859
"7z5WFjZAIYejWy0NI5lv4T";"Dan + Shay";86;1341951
